"title","links"
"Planet Earth II","/title/tt5491994/"
"Game of Thrones","/title/tt0944947/"
"Band of Brothers","/title/tt0185906/"
"Planet Earth","/title/tt0795176/"
"Breaking Bad","/title/tt0903747/"
"The Wire","/title/tt0306414/"
"Blue Planet II","/title/tt6769208/"
"Cosmos","/title/tt2395695/"
"Rick and Morty","/title/tt2861424/"
"Cosmos","/title/tt0081846/"
"The Sopranos","/title/tt0141842/"
"The World at War","/title/tt0071075/"
"Avatar: The Last Airbender","/title/tt0417299/"
"Life","/title/tt1533395/"
"Sherlock","/title/tt1475582/"
"The Vietnam War","/title/tt1877514/"
"The Twilight Zone","/title/tt0052520/"
"Human Planet","/title/tt1806234/"
"Dekalog","/title/tt0092337/"
"The Civil War","/title/tt0098769/"
"Firefly","/title/tt0303461/"
"Hagane no renkinjutsushi","/title/tt1355642/"
"True Detective","/title/tt2356777/"
"Fargo","/title/tt2802850/"
"Batman: The Animated Series","/title/tt0103359/"
"Last Week Tonight with John Oliver","/title/tt3530232/"
"Death Note: Desu nôto","/title/tt0877057/"
"The Blue Planet","/title/tt0296310/"
"Kaubôi bibappu","/title/tt0213338/"
"Black Mirror","/title/tt2085059/"
"Mahabharat","/title/tt0158417/"
"Frozen Planet","/title/tt2092588/"
"One Punch Man: Wanpanman","/title/tt4508902/"
"Africa","/title/tt2571774/"
"Pride and Prejudice","/title/tt0112130/"
"Monty Python's Flying Circus","/title/tt0063929/"
"Das Boot","/title/tt0081834/"
"Friends","/title/tt0108778/"
"Only Fools and Horses....","/title/tt0081912/"
"Seinfeld","/title/tt0098904/"
"Apocalypse: La 2ème guerre mondiale","/title/tt1508238/"
"Stranger Things","/title/tt4574334/"
"Arrested Development","/title/tt0367279/"
"Gravity Falls","/title/tt1865718/"
"Twin Peaks","/title/tt0098936/"
"Over the Garden Wall","/title/tt3718778/"
"Narcos","/title/tt2707408/"
"Freaks and Geeks","/title/tt0193676/"
"I, Claudius","/title/tt0074006/"
"House of Cards","/title/tt1856010/"
"The Office","/title/tt0386676/"
"Sahsiyet","/title/tt7920978/"
"TVF Pitchers","/title/tt4742876/"
"Westworld","/title/tt0475784/"
"Fawlty Towers","/title/tt0072500/"
"Peaky Blinders","/title/tt2442560/"
"Blackadder Goes Forth","/title/tt0096548/"
"Cobra Kai","/title/tt7221388/"
"Rome","/title/tt0384766/"
"Love, Death & Robots","/title/tt9561862/"
"Oz","/title/tt0118421/"
"It's Always Sunny in Philadelphia","/title/tt0472954/"
"The Simpsons","/title/tt0096697/"
"Shingeki no kyojin","/title/tt2560140/"
"Nathan for You","/title/tt2297757/"
"The West Wing","/title/tt0200276/"
"South Park","/title/tt0121955/"
"The Haunting of Hill House","/title/tt6763664/"
"House M.D.","/title/tt0412142/"
"The Marvelous Mrs. Maisel","/title/tt5788792/"
"Curb Your Enthusiasm","/title/tt0264235/"
"Lonesome Dove","/title/tt0096639/"
"Chappelle's Show","/title/tt0353049/"
"The Adventures of Sherlock Holmes","/title/tt0086661/"
"Dragon Ball Z","/title/tt0214341/"
"The Jinx: The Life and Deaths of Robert Durst","/title/tt4299972/"
"Steins;Gate","/title/tt1910272/"
"Dragon Ball Z: Doragon bôru zetto","/title/tt0121220/"
"Deadwood","/title/tt0348914/"
"Battlestar Galactica","/title/tt0407362/"
"Better Call Saul","/title/tt3032476/"
"The Thick of It","/title/tt0459159/"
"Six Feet Under","/title/tt0248654/"
"The Return of Sherlock Holmes","/title/tt0090509/"
"The Crown","/title/tt4786824/"
"The Memoirs of Sherlock Holmes","/title/tt0108855/"
"The Shield","/title/tt0286486/"
"The X Files","/title/tt0106179/"
"Top Gear","/title/tt1628033/"
"Downton Abbey","/title/tt1606375/"
"Dexter","/title/tt0773262/"
"Monster","/title/tt0434706/"
"Young Justice","/title/tt1641384/"
"Archer","/title/tt1486217/"
"This Is Us","/title/tt5555260/"
"Blackadder II","/title/tt0088484/"
"From the Earth to the Moon","/title/tt0120570/"
"Daredevil","/title/tt3322312/"
"Star Trek: The Next Generation","/title/tt0092455/"
"Bron/Broen","/title/tt1733785/"
"Making a Murderer","/title/tt5189670/"
"Parks and Recreation","/title/tt1266020/"
"North & South","/title/tt0417349/"
"The Grand Tour","/title/tt5712554/"
"Blackadder the Third","/title/tt0092324/"
"Sacred Games","/title/tt6077448/"
"Battlestar Galactica","/title/tt0314979/"
"Kôdo giasu: Hangyaku no rurûshu","/title/tt0994314/"
"Long Way Round","/title/tt0403778/"
"Gomorra: La serie","/title/tt2049116/"
"Atlanta","/title/tt4288182/"
"Hagane no renkinjutsushi","/title/tt0421357/"
"Through the Wormhole","/title/tt1513168/"
"Spaced","/title/tt0187664/"
"Mad Men","/title/tt0804503/"
"Rurouni Kenshin: Meiji Kenkaku Romantan: Tsuioku Hen","/title/tt0203082/"
"Shameless","/title/tt1586680/"
"The Bugs Bunny Show","/title/tt0053488/"
"Doctor Who","/title/tt0436992/"
"Mind Your Language","/title/tt0075537/"
"QI","/title/tt0380136/"
"Friday Night Lights","/title/tt0758745/"
"Skam","/title/tt5288312/"
"Hunter x Hunter","/title/tt2098220/"
"MisteRogers' Neighborhood","/title/tt0062588/"
"Leyla ile Mecnun","/title/tt1831164/"
"Peep Show","/title/tt0387764/"
"Chef's Table","/title/tt4295140/"
"Father Ted","/title/tt0111958/"
"Justice League","/title/tt0275137/"
"Seinto Seiya","/title/tt0161952/"
"Shin Seiki Evangerion","/title/tt0112159/"
"Yes Minister","/title/tt0080306/"
"Flight of the Conchords","/title/tt0863046/"
"The Defiant Ones","/title/tt6958022/"
"The Newsroom","/title/tt1870479/"
"Justified","/title/tt1489428/"
"Generation Kill","/title/tt0995832/"
"Poirot","/title/tt0094525/"
"Brass Eye","/title/tt0118273/"
"Boardwalk Empire","/title/tt0979432/"
"Mystery Science Theater 3000","/title/tt0094517/"
"The Punisher","/title/tt5675620/"
"Adventure Time with Finn & Jake","/title/tt1305826/"
"John Adams","/title/tt0472027/"
"Dark","/title/tt5753856/"
"Big Little Lies","/title/tt3920596/"
"Kenpû denki beruseruku","/title/tt0318871/"
"Yes, Prime Minister","/title/tt0086831/"
"The Night Of","/title/tt2401256/"
"Homicide: Life on the Street","/title/tt0106028/"
"Louie","/title/tt1492966/"
"The Eric Andre Show","/title/tt2244495/"
"Samurai chanpurû","/title/tt0423731/"
"Alfred Hitchcock Presents","/title/tt0047708/"
"Coupling","/title/tt0237123/"
"Dragon Ball","/title/tt0280249/"
"Dragon Ball: Doragon bôru","/title/tt0088509/"
"The Untold History of the United States","/title/tt1494191/"
"The IT Crowd","/title/tt0487831/"
"Line of Duty","/title/tt2303687/"
"Mindhunter","/title/tt5290382/"
"Yeh Meri Family","/title/tt8595766/"
"Feud","/title/tt1984119/"
"Masum","/title/tt6478318/"
"Mr. Bean","/title/tt0096657/"
"Dr. Horrible's Sing-Along Blog","/title/tt1227926/"
"Sseulsseulhago Chalranhashin: Dokkaebi","/title/tt5994364/"
"Silicon Valley","/title/tt2575988/"
"The Office","/title/tt0290978/"
"Vikings","/title/tt2306299/"
"Brideshead Revisited","/title/tt0083390/"
"Impractical Jokers","/title/tt2100976/"
"BoJack Horseman","/title/tt3398228/"
"Whose Line Is It Anyway?","/title/tt0163507/"
"Umbre","/title/tt4269716/"
"The New Batman Adventures","/title/tt0118266/"
"The Handmaid's Tale","/title/tt5834204/"
"La casa de papel","/title/tt6468322/"
"Boku dake ga inai machi","/title/tt5249462/"
"Mr. Robot","/title/tt4158110/"
"Horace and Pete","/title/tt5425186/"
"Black Books","/title/tt0262150/"
"Hannibal","/title/tt2243973/"
"Twin Peaks","/title/tt4093826/"
"The Prisoner","/title/tt0061287/"
"Spartacus: Gods of the Arena","/title/tt1758429/"
"Luther","/title/tt1474684/"
"Endeavour","/title/tt2701582/"
"House of Cards","/title/tt0098825/"
"Sons of Anarchy","/title/tt1124373/"
"Tinker Tailor Soldier Spy","/title/tt0080297/"
"I'm Alan Partridge","/title/tt0129690/"
"Futurama","/title/tt0149460/"
"Kôkaku kidôtai: Stand Alone Complex","/title/tt0346314/"
"This Is England '90","/title/tt2528254/"
"The Knick","/title/tt2937900/"
"American Crime Story","/title/tt2788432/"
"Jesus of Nazareth","/title/tt0075520/"
"Detectorists","/title/tt4082744/"
"Wentworth","/title/tt2433738/"
"Ash vs Evil Dead","/title/tt4189022/"
"Community","/title/tt1439629/"
"Spartacus: Blood and Sand","/title/tt1442449/"
"Rurôni Kenshin -Meiji kenkaku romantan","/title/tt0182629/"
"The Venture Bros.","/title/tt0417373/"
"The Daily Show","/title/tt0115147/"
"Scener ur ett äktenskap","/title/tt0070644/"
"After Life","/title/tt8398600/"
"Behzat Ç.: Bir Ankara Polisiyesi","/title/tt1795096/"
"X-Men","/title/tt0103584/"
"Unsere Mütter, unsere Väter","/title/tt1883092/"
"Narcos: Mexico","/title/tt8714904/"
"The Colbert Report","/title/tt0458254/"
"The Legend of Korra","/title/tt1695360/"
"Happy Valley","/title/tt3428912/"
"Taboo","/title/tt3647998/"
"Carnivàle","/title/tt0319969/"
"Police Squad!","/title/tt0083466/"
"Garth Marenghi's Darkplace","/title/tt0397150/"
"Samurai Jack","/title/tt0278238/"
"Suits","/title/tt1632701/"
"One Piece: Wan pîsu","/title/tt0388629/"
"Utopia","/title/tt2384811/"
"The Angry Video Game Nerd","/title/tt1230180/"
"The Bugs Bunny/Looney Tunes Comedy Hour","/title/tt0088491/"
"Borgen","/title/tt1526318/"
"Inside No. 9","/title/tt2674806/"
"Doctor Who","/title/tt0056751/"
"Entourage","/title/tt0387199/"
"Inside Look: The People v. O.J. Simpson - American Crime Story","/title/tt6205862/"
"State of Play","/title/tt0362192/"
"Modern Family","/title/tt1442437/"
"The Muppet Show","/title/tt0074028/"
"Brooklyn Nine-Nine","/title/tt2467372/"
"Jeeves and Wooster","/title/tt0098833/"
"Queer Eye","/title/tt7259746/"
"Pose","/title/tt7562112/"
"The Expanse","/title/tt3230854/"
"Sex Education","/title/tt7767422/"
"Kardes Payi","/title/tt3671754/"
"Fringe","/title/tt1119644/"
"Billions","/title/tt4270492/"
"The Americans","/title/tt2149175/"
"Permanent Roommates","/title/tt4156586/"
"Trailer Park Boys","/title/tt0290988/"
"Naruto: Shippûden","/title/tt0988824/"
"Southland","/title/tt1299368/"
"Banshee","/title/tt2017109/"
"Babylon Berlin","/title/tt4378376/"
